sequence,category,model,designedSequence,designedSequenceLength,design_ID,target,epitope_rmsd,overall_rmsd,epitope_pae,scaffold_pae,mean_pae,ptm,af3_clashes,composite,rank_in_group,is_global_pass
MIPTDEEIKKASELVAKALAEGKGDSFFFQVIYKFNEGEAKWNELKELVEKAKKNGEDLKPVIKEVAEKIYKAWLELKEKSEEMQEELAKSIKEIFEIAEKLK,scaffolded8VDL,RFD,miptdeeikkaselvakalaegkgDSFFFQVIYKFNEGEAKWNELKelvekakkngedlkpvikevaekiykawlelkekseemqeelaksikeifeiaeklk,103,epitope_contig0006_epitope_contig0006_0_model_4_fixed_dldesign_7,8VDL_epitope,0.9676791631398676,0.7775150042002241,5.00392561983471,3.5679926840420664,4.707710434536715,0.77,2,0.7326558837169151,1,False
MSKEEILNEKLDSFFFQVIYKFNEGEAKWNELKKYAEELLKDKSLTVKEILLKILEKFEKILEEEIKKEKKKPASKKEEAKKNIKNAEKSLKIVKELKKEIEK,scaffolded8VDL,RFD,mskeeilneklDSFFFQVIYKFNEGEAKWNELKkyaeellkdksltvkeillkilekfekileeeikkekkkpaskkeeakkniknaekslkivkelkkeiek,103,epitope_contig0002_epitope_contig0002_0_model_5_fixed_dldesign_7,8VDL_epitope,1.2434345969105975,0.958286406575222,6.162809917355372,4.624356043286085,5.999274201149968,0.72,1,0.6825633526711216,2,False
MLSPEQQKLKKKVEEYLDSFFFQVIYKFNEGEAKWNELKEKINEKLPNLTEENAMEAVNELIKETLTEKVEEYKKLLADPNAKLSKEEKEEIEEARKIAEEII,scaffolded8VDL,RFD,mlspeqqklkkkveeylDSFFFQVIYKFNEGEAKWNELKekineklpnlteenameavneliketltekveeykklladpnaklskeekeeieearkiaeeii,103,epitope_contig0001_epitope_contig0001_0_model_3_fixed_dldesign_2,8VDL_epitope,1.2534789236368915,1.136622514515425,5.0064049586776855,5.606111873190062,6.3910924686586865,0.66,1,0.6809924934198606,3,False
MEEEIEKKRKENKTLEKTLTKVEDLDSFFFQVIYKFNEGEAKWNELKAVMASDPNAKVKIKIEFKDGKPVKVEITATSSTAELKFTGKYDKEYKGTMEKTVKP,scaffolded8VDL,RFD,meeeiekkrkenktlektltkvedlDSFFFQVIYKFNEGEAKWNELKavmasdpnakvkikiefkdgkpvkveitatsstaelkftgkydkeykgtmektvkp,103,epitope_contig0005_epitope_contig0005_0_model_5_fixed_dldesign_6,8VDL_epitope,1.1076748316341063,1.591614702032962,3.912396694214876,6.222115531169029,6.350683382034122,0.7,2,0.6776929237546062,4,False
KLEEFIEKVKKLLEEKDEKSLKKLLDSFFFQVIYKFNEGEAKWNELKEIVDKALKEKNEEEKKKLIEEAIKFIRELWEESKKTVEEVEKKEKEEKEKLEKLLE,scaffolded8VDL,RFD,kleefiekvkklleekdekslkkllDSFFFQVIYKFNEGEAKWNELKeivdkalkekneeekkklieeaikfirelweeskktveevekkekeekekleklle,103,epitope_contig0005_epitope_contig0005_0_model_0_fixed_dldesign_6,8VDL_epitope,1.2679729021344746,1.221827785082152,6.964462809917355,10.789864349946654,11.19611650485437,0.53,1,0.6715764479085942,5,False
IKKEIEEKKKNNKTLEETLTKVEDLDSFFFQVIYKFNEGEAKWNELKKVMASSPNAKVKIKIKYKNGIPVEVEIVAESDKATLKLKGKYDKEYKSEMELEIKP,scaffolded8VDL,RFD,ikkeieekkknnktleetltkvedlDSFFFQVIYKFNEGEAKWNELKkvmasspnakvkikikykngipveveivaesdkatlklkgkydkeyksemeleikp,103,epitope_contig0005_epitope_contig0005_0_model_5_fixed_dldesign_1,8VDL_epitope,1.163543187495074,1.523531303885897,4.040702479338844,8.596662094192958,8.376633047412575,0.64,2,0.6695830223057668,6,False
MEEEIKKKRKENKTLEETITKVEDLDSFFFQVIYKFNEGEAKWNELKKVMSSDKNAEVKITIKYKDGKPVEVEIEAKSDKAVLKLEGKYDKEYKSKMELEKKK,scaffolded8VDL,RFD,meeeikkkrkenktleetitkvedlDSFFFQVIYKFNEGEAKWNELKkvmssdknaevkitikykdgkpveveieaksdkavlklegkydkeykskmelekkk,103,epitope_contig0005_epitope_contig0005_0_model_5_fixed_dldesign_7,8VDL_epitope,1.204312633049289,1.2692156329945972,4.724793388429752,7.2510135650053344,7.516467150532568,0.63,2,0.6692194705434104,7,False
MGLKVTFNIDVDKFSEKIDSFFFQVIYKFNEGEAKWNELKEQIDKLKAQGVKKAKVTMTGQTEDFELAEENLKKAAETMEGAISDLKVEKSDSTEISVEVTPL,scaffolded8VDL,RFD,mglkvtfnidvdkfsekiDSFFFQVIYKFNEGEAKWNELKeqidklkaqgvkkakvtmtgqtedfelaeenlkkaaetmegaisdlkveksdsteisvevtpl,103,epitope_contig0007_epitope_contig0007_0_model_3_fixed_dldesign_0,8VDL_epitope,1.3436062029580442,1.1718426955322483,4.526446280991736,4.079301935680537,4.909944386841361,0.75,1,0.6674494754514312,8,False
MGVKVTFEVDVDLFMEKIDSFFFQVIYKFNEGEAKWNELKKQMEALKAQGVKKAEVTMYGQVEDFELFKKNLEKAAKTMNGAISNLKVEPSESTEISVKVTPK,scaffolded8VDL,RFD,mgvkvtfevdvdlfmekiDSFFFQVIYKFNEGEAKWNELKkqmealkaqgvkkaevtmygqvedfelfkknlekaaktmngaisnlkvepsesteisvkvtpk,103,epitope_contig0007_epitope_contig0007_0_model_3_fixed_dldesign_5,8VDL_epitope,1.3622861020477623,1.0176354496292126,4.616735537190083,4.3169791190367315,5.229371288528608,0.72,1,0.6668553884252992,9,False
ELEEFIKKVEELLDKKNKKELNELLDSFFFQVIYKFNEGEAKWNELKKLVEEALNEKDKKKKEKLKKEVIKFLKELWEESKKTVKEKEKKEKEEKLKKELEEL,scaffolded8VDL,RFD,eleefikkveelldkknkkelnellDSFFFQVIYKFNEGEAKWNELKklveealnekdkkkkeklkkevikflkelweeskktvkekekkekeeklkkeleel,103,epitope_contig0005_epitope_contig0005_0_model_0_fixed_dldesign_2,8VDL_epitope,1.3225411726357084,1.1434038877370951,7.0402892561983474,11.708123761621705,12.050956734847771,0.51,1,0.6639523535945697,10,False
MGVKVTFDIDVDLFSEKIDSFFFQVIYKFNEGEAKWNELKKKIAELKAKGVKKAKVTIYGQTEDFEEFKKNLEEAAKTMNGAISNLKVEKSDSKEISVEVTPL,scaffolded8VDL,RFD,mgvkvtfdidvdlfsekiDSFFFQVIYKFNEGEAKWNELKkkiaelkakgvkkakvtiygqtedfeefkknleeaaktmngaisnlkveksdskeisvevtpl,103,epitope_contig0007_epitope_contig0007_0_model_3_fixed_dldesign_1,8VDL_epitope,1.3577068305448283,1.030354937027526,5.32995867768595,3.9492607834171625,5.171901215948722,0.73,1,0.6633037865594784,11,False
MSKEEIVKEKLDSFFFQVIYKFNEGEAKWNELKKYAEELLKDESLSPKEILLKILEKFKEILEKEIEELKKLPESKKKEAEEKIKKAEESLKIVEELIKKLLE,scaffolded8VDL,RFD,mskeeivkeklDSFFFQVIYKFNEGEAKWNELKkyaeellkdeslspkeillkilekfkeilekeieelkklpeskkkeaeekikkaeeslkiveelikklle,103,epitope_contig0002_epitope_contig0002_0_model_5_fixed_dldesign_3,8VDL_epitope,1.3644365366385771,0.8889684068205947,5.903099173553719,4.50391708581009,5.7379771891789995,0.74,1,0.6624012725981432,12,False
ELEEIIKKIKELLEKKDKESLNKLLDSFFFQVIYKFNEGEAKWNELKKLVEEALNEEDPEKKEELIKEVIEFLRKLWEESKKTVEEVKKKEEEEKLKELKELL,scaffolded8VDL,RFD,eleeiikkikellekkdkeslnkllDSFFFQVIYKFNEGEAKWNELKklveealneedpekkeelikevieflrklweeskktveevkkkeeeeklkelkell,103,epitope_contig0005_epitope_contig0005_0_model_0_fixed_dldesign_5,8VDL_epitope,1.287763187152389,1.3596220984572986,7.586363636363636,12.05964029873495,12.547318314638517,0.51,1,0.6618296207063957,13,False
KLEEIIKKIKELLEKKEKEELDKLLDSFFFQVIYKFNEGEAKWNELKELVEKALNEKDPEKKKELIEEIEKFLRELWEESKKTVEEKEEKEKEEKEKLLKELE,scaffolded8VDL,RFD,kleeiikkikellekkekeeldkllDSFFFQVIYKFNEGEAKWNELKelvekalnekdpekkkelieeiekflrelweeskktveekeekekeekekllkele,103,epitope_contig0005_epitope_contig0005_0_model_0_fixed_dldesign_7,8VDL_epitope,1.325302222024781,1.3146234864842457,6.675,10.4183965858863,10.799811480818173,0.56,1,0.6579032665325034,14,False
ELEEFIKKIEKLLDEKDKESLNKLLDSFFFQVIYKFNEGEAKWNELKELIEKALNEKDEEKKKKLKEEVIKFTKELWEESKKTVKEKEKEEKEKEKKEKLEKL,scaffolded8VDL,RFD,eleefikkieklldekdkeslnkllDSFFFQVIYKFNEGEAKWNELKeliekalnekdeekkkklkeevikftkelweeskktvkekekeekekekkeklekl,103,epitope_contig0005_epitope_contig0005_0_model_0_fixed_dldesign_4,8VDL_epitope,1.2729615748055303,1.022342321568584,6.774999999999999,10.933318091754304,11.204552738241116,0.53,2,0.655837627957976,15,False
MSKEEIVNEILDSFFFQVIYKFNEGEAKWNELKEKAKELLKDKSLSPKEIVLKILEEFKEILEKEIEKYKKLPESLKKEAEEKIKKAKESLKIVEKLIEELKK,scaffolded8VDL,RFD,mskeeivneilDSFFFQVIYKFNEGEAKWNELKekakellkdkslspkeivlkileefkeilekeiekykklpeslkkeaeekikkakeslkiveklieelkk,103,epitope_contig0002_epitope_contig0002_0_model_5_fixed_dldesign_2,8VDL_epitope,1.5356562431825842,1.037324206099091,5.990495867768595,4.586511202560585,5.793430106513338,0.73,0,0.6522438897961108,16,False
MKEELEEARKNNETFKKTITKVEELDSFFFQVIYKFNEGEAKWNELKAVMASSPNAKTEITIEYENGKPVKVEVTATSDTATLKLTGEYKEEYKSTLEKEVKP,scaffolded8VDL,RFD,mkeeleearknnetfkktitkveelDSFFFQVIYKFNEGEAKWNELKavmasspnakteitieyengkpvkvevtatsdtatlkltgeykeeykstlekevkp,103,epitope_contig0005_epitope_contig0005_0_model_5_fixed_dldesign_0,8VDL_epitope,1.393008586949548,1.366475478454738,4.566735537190083,8.640024386526443,8.52169855782826,0.64,1,0.6518716770130711,17,False
MKPTDEEIKKAAELVAEALAEGKGDSFFFQVIYKFNEGEAKWNELKKLVEEAKKKGEDMEPVIKEVAEKIYEAWKELSSKSEEMQEELYESIKKIFEIAEKLK,scaffolded8VDL,RFD,mkptdeeikkaaelvaealaegkgDSFFFQVIYKFNEGEAKWNELKklveeakkkgedmepvikevaekiyeawkelsskseemqeelyesikkifeiaeklk,103,epitope_contig0006_epitope_contig0006_0_model_4_fixed_dldesign_4,8VDL_epitope,1.5199391397716795,1.1220340236262938,5.2809917355371905,3.5534979423868314,4.758780280893581,0.76,1,0.6412793516699792,18,False
ELEEIIKKVEELLEKKDKESLEKLLDSFFFQVIYKFNEGEAKWNELKELVEKALNEENEEEKEKLKKEVIEFLKKLWEESKKTVEEKEKKEKELEELKKKLLE,scaffolded8VDL,RFD,eleeiikkveellekkdkeslekllDSFFFQVIYKFNEGEAKWNELKelvekalneeneeekeklkkevieflkklweeskktveekekkekeleelkkklle,103,epitope_contig0005_epitope_contig0005_0_model_0_fixed_dldesign_3,8VDL_epitope,1.3136903653302343,1.308565874629448,7.1326446280991735,11.032616979119036,11.648430577811292,0.52,2,0.6403708437602765,19,False
KLEEFIKKVTELLEKKDKESLEKLLDSFFFQVIYKFNEGEAKWNELKELVEKALNEKDEKKKEELKKKVIEFIKKLWEESEKTKEEKEKKEEEEKLKKKLEEL,scaffolded8VDL,RFD,kleefikkvtellekkdkeslekllDSFFFQVIYKFNEGEAKWNELKelvekalnekdekkkeelkkkviefikklweesektkeekekkeeeeklkkkleel,103,epitope_contig0005_epitope_contig0005_0_model_0_fixed_dldesign_1,8VDL_epitope,1.3118437499361717,1.368633903774105,7.234297520661157,11.855067825026673,12.336497313601658,0.52,2,0.6376687648503535,20,False
SPVDELVERLLKNLASKLSKETFIESLNIAIKNIDEILKKVDPNTPVSNMDSFFFQVIYKFNEGEAKWNELKEIAAKYPDITLGEFLKMAKEAFEKAKKLVEE,scaffolded8VDL,RFD,spvdelverllknlasklsketfieslniaiknideilkkvdpntpvsnmDSFFFQVIYKFNEGEAKWNELKeiaakypditlgeflkmakeafekakklvee,103,epitope_contig0000_epitope_contig0000_0_model_0_fixed_dldesign_4,8VDL_epitope,1.6882372906099272,1.1399147334953756,7.63099173553719,4.058039932937052,6.238099726647186,0.72,0,0.6376381626108455,21,False
MGVKITLKITKPFTLEDLDSFFFQVIYKFNEGEAKWNELKKNFPNLKVGDIVIFTGTYDESKASKEEIEKVFEKLKKELKKHGIEFDYEFTDSNEQSLEIIKP,scaffolded8VDL,RFD,mgvkitlkitkpftledlDSFFFQVIYKFNEGEAKWNELKknfpnlkvgdiviftgtydeskaskeeiekvfeklkkelkkhgiefdyeftdsneqsleiikp,103,epitope_contig0007_epitope_contig0007_0_model_0_fixed_dldesign_3,8VDL_epitope,1.3848023596541943,1.1490809800373376,5.819834710743801,4.939597622313672,6.478301442171741,0.66,2,0.6359125433030031,22,False
SMVDELVKRLLENLAKKLSKETFIEGLDKMIENIDKILKQVDPNTPISKLDSFFFQVIYKFNEGEAKWNELKEIAAKHPDMTLGEFLKKAKEAFEKVKKKVEE,scaffolded8VDL,RFD,smvdelvkrllenlakklsketfiegldkmienidkilkqvdpntpisklDSFFFQVIYKFNEGEAKWNELKeiaakhpdmtlgeflkkakeafekvkkkvee,103,epitope_contig0000_epitope_contig0000_0_model_0_fixed_dldesign_5,8VDL_epitope,1.9325916379122003,1.03213474842119,5.084090909090909,4.046303917085811,5.252955038175135,0.78,0,0.6347415733915315,23,False
HMSPEKQKLKKEIDEELDSFFFQVIYKFNEGEAKWNELKEELEKKLPSLTPENAKEVVEKLLKETLKKAVEEIKKILADPNAKLTPEEKEELKEAAEIMEKII,scaffolded8VDL,RFD,hmspekqklkkeideelDSFFFQVIYKFNEGEAKWNELKeelekklpsltpenakevvekllketlkkaveeikkiladpnakltpeekeelkeaaeimekii,103,epitope_contig0001_epitope_contig0001_0_model_3_fixed_dldesign_6,8VDL_epitope,1.3630128946790612,1.6162670584152286,5.562190082644628,6.951028806584362,7.670751248939579,0.64,1,0.6303038415343797,24,False
MGVKVTFEVDVDKFMENIDSFFFQVIYKFNEGEAKWNELKKKLEELKAKGVKKAKVTWTGQTEDFEEFKKKLKEAAEIMNGAISNLKVEPSESTEISVEVTPL,scaffolded8VDL,RFD,mgvkvtfevdvdkfmeniDSFFFQVIYKFNEGEAKWNELKkkleelkakgvkkakvtwtgqtedfeefkkklkeaaeimngaisnlkvepsesteisvevtpl,103,epitope_contig0007_epitope_contig0007_0_model_3_fixed_dldesign_7,8VDL_epitope,1.284451062675072,1.138997792685886,5.441528925619834,4.451470812376162,5.540936940333679,0.71,3,0.6252473566945584,25,False
AGVKVTFEIDVPLFKEKIDSFFFQVIYKFNEGEAKWNELKKKLDELEKKGVKKAKVTIIGQTEDFEEFKKNLEKAAKTMNGAISNLKVEKSDSTEISVEVTPL,scaffolded8VDL,RFD,agvkvtfeidvplfkekiDSFFFQVIYKFNEGEAKWNELKkkldelekkgvkkakvtiigqtedfeefkknlekaaktmngaisnlkveksdsteisvevtpl,103,epitope_contig0007_epitope_contig0007_0_model_3_fixed_dldesign_3,8VDL_epitope,1.7967160688430364,1.100793906424235,5.141322314049587,3.707712238987959,4.81642002073711,0.75,1,0.6244766682028883,26,False
MGVKVTFEIDVDKFTANIDSFFFQVIYKFNEGEAKWNELKEKIAELKAKGVKKAKVTIIGQTEDFEEFKKNLEEAAKTMNGAISNLKVEESDSTEISVEVTPL,scaffolded8VDL,RFD,mgvkvtfeidvdkftaniDSFFFQVIYKFNEGEAKWNELKekiaelkakgvkkakvtiigqtedfeefkknleeaaktmngaisnlkveesdsteisvevtpl,103,epitope_contig0007_epitope_contig0007_0_model_3_fixed_dldesign_2,8VDL_epitope,1.3260029165330205,0.956893886477484,5.17293388429752,3.846669714982472,5.000650391177302,0.74,3,0.6221333750338292,27,False
VEESLKKLSEEEIKKLDSFFFQVIYKFNEGEAKWNELKSDVNLAKEFLEAIENKDLEKALEIFEKADEKVIEKLDISEEEKEKLKKENKEIAKENLTKLLESL,scaffolded8VDL,RFD,veeslkklseeeikklDSFFFQVIYKFNEGEAKWNELKsdvnlakefleaienkdlekaleifekadekviekldiseeekeklkkenkeiakenltkllesl,103,epitope_contig0008_epitope_contig0008_0_model_3_fixed_dldesign_1,8VDL_epitope,1.3086697979495177,1.025514984927091,6.30392561983471,7.696326779454351,8.755999622961635,0.61,3,0.621303868201139,28,False
MSKEEIVKEELDSFFFQVIYKFNEGEAKWNELKEYAEELLKDKSLSPKEILLKIFEKFLEILEKEIEKLKKLPESKKEEAEKEIKNALKSKKIVEELIEKLKK,scaffolded8VDL,RFD,mskeeivkeelDSFFFQVIYKFNEGEAKWNELKeyaeellkdkslspkeillkifekfleilekeieklkklpeskkeeaekeiknalkskkiveelieklkk,103,epitope_contig0002_epitope_contig0002_0_model_5_fixed_dldesign_0,8VDL_epitope,2.164813106059317,1.2347428062577088,4.614876033057851,4.132373113854595,4.985399189367518,0.76,1,0.6165859283008817,29,False
DPAARVRATAAALLADADAAAVLAALDELAAALAPLEEITVAELRELIRRILGRVLSPEGVDAFFDTLLALVGVAEPDPERVIPTAAVLAAEAAIRAAIEALA,scaffolded8VDL,RFD,dpaarvrataaalladadaaavlaaldelaaalapleeitvaelrelirrilgrvlspegvdaFFdtllalvgvaepdperviptaavlaaEaairaaieala,103,hotspots_contig0009_hotspots_contig0009_0_model_0_fixed_dldesign_6,8VDL_hotspots,0.0481122302671235,0.4856310973905949,1.0222222222222224,2.7114700000000003,2.6638797247619945,0.88,68,0.5295901436800006,1,False
SLEELVRATAKSLLAEADAEDILAAIDELKARLAPYKEITIAELRALIEEILGKVLSPAGVELFFNTLMALMGVEEIDPDLVIPTEKVLAAEDAIAAAIKELA,scaffolded8VDL,RFD,sleelvrataksllaeadaedilaaidelkarlapykeitiaelralieeilgkvlspagvelFFntlmalmgveeidpdlviptekvlaaEdaiaaaikela,103,hotspots_contig0009_hotspots_contig0009_0_model_0_fixed_dldesign_2,8VDL_hotspots,0.0818323461254286,0.6095585337040249,0.977777777777778,1.8509400000000005,1.825101329060232,0.91,66,0.5291762272378497,2,False
MDELIAKYLAAGDDKKARLLYFFDYIRQRAGETFATGTPEEAVAALDAAEAEFRAAVGDHPVYKKHKAEIDAAYAKLRARVADPDKAARAAAVDAVKAEIKAQ,scaffolded8VDL,RFD,mdeliakylaagddkkarllyFFdyirqragetfatgtpeeavaaldaaEaefraavgdhpvykkhkaeidaayaklrarvadpdkaaraaavdavkaeikaq,103,hotspots_contig0006_hotspots_contig0006_0_model_5_fixed_dldesign_6,8VDL_hotspots,0.0418721612959608,0.8130365145066177,1.0111111111111113,2.89535,2.8466679234612124,0.85,65,0.5286336211484829,3,False
MSIEEMIARLEAMSDPAARARNLALLTELTGDEETARLNFFARLIALARGEEVPLLLPREEAKALLEELATPETLAALTPEQIAAAEARLLAELTALLAEREK,scaffolded8VDL,RFD,msieemiarleamsdpaararnlallteltgdeetarlnFFarlialargeevplllpreeakalleelatpetlaaltpeqiaaaEarllaeltallaerek,103,hotspots_contig0007_hotspots_contig0007_0_model_4_fixed_dldesign_2,8VDL_hotspots,0.0491392450103841,0.6119314854670049,1.088888888888889,3.00094,2.9501461023659155,0.84,52,0.5282415483197901,4,False
MMAELAKALGRNAEETALAEEFFTRLHAMVKELLAKDPNLPAEEAIALAEAELRADPEFRARAQAVAEASGAYASWEELFADFEKAARANAEKIRAAALEELA,scaffolded8VDL,RFD,mmaelakalgrnaeetalaeeFFtrlhamvkellakdpnlpaeeaialaEaelradpefraraqavaeasgayasweelfadfekaaranaekiraaaleela,103,hotspots_contig0006_hotspots_contig0006_0_model_3_fixed_dldesign_6,8VDL_hotspots,0.0590867372961563,0.5554268867152165,1.1,4.243519999999999,4.164539541898389,0.82,61,0.5280053492211907,5,False
MKKLSEFSLETQTFFHIILTLIIEVYNIPLDAKISENPEIKEAAKKAEALFAAHRPALGLATPSEEEIKEAWEAIKDLPLGEALKLVETPETAAAAERFLALI,scaffolded8VDL,RFD,mkklsefsletqtFFhiiltliievynipldakisenpeikeaakkaEalfaahrpalglatpseeeikeaweaikdlplgealklvetpetaaaaerflali,103,hotspots_contig0008_hotspots_contig0008_0_model_3_fixed_dldesign_5,8VDL_hotspots,0.082661996013365,0.6835735487015108,1.0444444444444445,3.1679600000000003,3.11395041945518,0.85,61,0.5279105363764414,6,False
ALTPEQVAALRREFFLRVAEHFRTHTGTLADAVAAAEAALRPPLVAEWAARLGLSEAEVRAALPDAAELLAAIQAATGVAPDAPVTPELAALILAAAEAGKLK,scaffolded8VDL,RFD,altpeqvaalrreFFlrvaehfrthtgtladavaaaEaalrpplvaewaarlglseaevraalpdaaellaaiqaatgvapdapvtpelaalilaaaeagklk,103,hotspots_contig0000_hotspots_contig0000_0_model_1_fixed_dldesign_4,8VDL_hotspots,0.0687384509743125,0.7367872449442997,1.0555555555555556,2.5823,2.542360260156471,0.85,64,0.5278276576757087,7,False
IRELAREALEAAKAGKYEEAARLFFEALEELAPAAIAALTPEQRRRLLEEYILPRVKNLFTKSKEELLAELAAFLASLGVAPEVAAELLAAEAEILDIVESLL,scaffolded8VDL,RFD,irelarealeaakagkyeeaarlFFealeelapaaiaaltpeqrrrlleeyilprvknlftkskeellaelaaflaslgvapevaaellaaEaeildivesll,103,hotspots_contig0003_hotspots_contig0003_0_model_2_fixed_dldesign_5,8VDL_hotspots,0.0905643383073264,0.4068477873918459,1.1,2.4064,2.372136864926006,0.86,66,0.5275402166261159,8,False
MEEEIKKIASEYVEDVELGTRFFTKLAKLILELKKKDPSLSFEDAANLAEKELSKELSEEELEKLKEAGVIYYDEEGNVKMTPKGLEAAKKVVEILEKEKEKE,scaffolded8VDL,RFD,meeeikkiaseyvedvelgtrFFtklaklilelkkkdpslsfedaanlaEkelskelseeeleklkeagviyydeegnvkmtpkgleaakkvveilekekeke,103,hotspots_contig0006_hotspots_contig0006_0_model_1_fixed_dldesign_0,8VDL_hotspots,0.070063708503513,0.5184816392801747,1.1222222222222225,2.9685,2.9191158450372323,0.85,71,0.5274851213058669,9,False
AEAAGQARLAEIRALAADPSTPPAERAFFEGLAAVASAIPGSAEVRIAAAEALLAEQAAAVAAASPRPLSPEELARAARDAALALLATPEGQARLAALAKELA,scaffolded8VDL,RFD,aeaagqarlaeiralaadpstppaeraFFeglaavasaipgsaevriaaaEallaeqaaavaaasprplspeelaraardaalallatpegqarlaalakela,103,hotspots_contig0002_hotspots_contig0002_0_model_5_fixed_dldesign_0,8VDL_hotspots,0.1069661399298697,0.6532507891886342,1.0444444444444447,3.07459,3.02487510604204,0.83,39,0.5274102501882324,10,False
PEEEIKKIAAEVVEDVELGTRFFTELAKLIEKIKKENPNISFEEAANLAERELAKKLTPEEIAKLEAAGVIYRDENGEWRMTEKGVEAAKKVVEILEKAKAKE,scaffolded8VDL,RFD,peeeikkiaaevvedvelgtrFFtelakliekikkenpnisfeeaanlaErelakkltpeeiakleaagviyrdengewrmtekgveaakkvveilekakake,103,hotspots_contig0006_hotspots_contig0006_0_model_1_fixed_dldesign_7,8VDL_hotspots,0.1141836677620944,0.504958679211808,1.0666666666666669,2.9786200000000003,2.927363559242153,0.85,72,0.5272819886489758,11,False
APASPEVRESTYRFFAELLKLVGRSPTIPREKLLKAEEELRKNAEKYGITEEAFEIFEKALASLKEELIPVSALADRIAELLGTTPAEIRAYLDSLGVGAYLD,scaffolded8VDL,RFD,apaspevrestyrFFaellklvgrsptiprekllkaEeelrknaekygiteeafeifekalaslkeelipvsaladriaellgttpaeirayldslgvgayld,103,hotspots_contig0000_hotspots_contig0000_0_model_0_fixed_dldesign_2,8VDL_hotspots,0.1293095251263734,0.5490658582747857,1.0333333333333334,3.0728,3.018804788387218,0.85,72,0.5272678508149788,12,False
AEASVVLDGERRTFAATPEGAEAFRAAFFETLARLAEKYEGSPEERLARAEAEIRAAVAATGTGSPEALAWLRAQLDAAAEEARERVRRALEEEERRERELAR,scaffolded8VDL,RFD,aeasvvldgerrtfaatpegaeafraaFFetlarlaekyegspeerlaraEaeiraavaatgtgspealawlraqldaaaeearervrraleeeerrerelar,103,hotspots_contig0002_hotspots_contig0002_0_model_1_fixed_dldesign_0,8VDL_hotspots,0.0488225185099074,0.9567745248764538,1.0111111111111113,2.9733300000000003,2.924064473560185,0.83,49,0.5271718990536521,13,False
MSLEEAIAELRAKADPAALAANLALLTEITGDEEVATLNFFTRLVALARGEEVPLVLPREEALALGERLLTPETLAALTPEQIAAAERRLLAELTALVEARRA,scaffolded8VDL,RFD,msleeaiaelrakadpaalaanlallteitgdeevatlnFFtrlvalargeevplvlpreealalgerlltpetlaaltpeqiaaaErrllaeltalvearra,103,hotspots_contig0007_hotspots_contig0007_0_model_4_fixed_dldesign_7,8VDL_hotspots,0.1413613311734161,0.4341825171234644,1.0333333333333334,2.4386400000000004,2.401432745781883,0.87,52,0.5271324829045885,14,False
MAEELRKRIEEYAAKVPASSVTLEAVLEVLKKFLEENYEKYKEYIELIMKEKGLKSEEEAIKLFFEEFEKLYLKIKAEQPELSPAERAAEAERIILKELEKKK,scaffolded8VDL,RFD,maeelrkrieeyaakvpassvtleavlevlkkfleenyekykeyielimkekglkseeeaiklFFeefeklylkikaeqpelspaeraaeaEriilkelekkk,103,hotspots_contig0009_hotspots_contig0009_0_model_2_fixed_dldesign_0,8VDL_hotspots,0.1048423289645823,0.5489559828632602,1.088888888888889,3.75032,3.6856159864266185,0.85,64,0.5270892567103854,15,False
IDLSPEELAVLREVVVPAVAALDLAALPDAAALQAAVLARAAPAVKAAAAARGLTISDEALEAFFARLAELIFRLHAERPEMSMAELAEAAEREIAEEVAAAR,scaffolded8VDL,RFD,idlspeelavlrevvvpavaaldlaalpdaaalqaavlaraapavkaaaaargltisdealeaFFarlaelifrlhaerpemsmaelaeaaEreiaeevaaar,103,hotspots_contig0009_hotspots_contig0009_0_model_3_fixed_dldesign_6,8VDL_hotspots,0.0331539129138367,0.5680976614701563,1.188888888888889,3.47375,3.416617965878028,0.83,67,0.5270558191913292,16,False
PEEAIRAVAAEVLKNVELGTRFFRRLAELIRRLRAEDPELSLEEAANRAERELAKELSEEELKELEEAGVIEFDEKGEVRMTEKGLAAARRVVEILEAAEAAA,scaffolded8VDL,RFD,peeairavaaevlknvelgtrFFrrlaelirrlraedpelsleeaanraErelakelseeelkeleeagviefdekgevrmtekglaaarrvveileaaeaaa,103,hotspots_contig0006_hotspots_contig0006_0_model_1_fixed_dldesign_6,8VDL_hotspots,0.120467068106758,0.4688245764776111,1.088888888888889,3.09827,3.0445470826656615,0.84,72,0.5268293520794394,17,False
MEAEIDALAEAALAAMAAATGVRDPEALALLRALARELAEEWLALARETSDDPEAFVRERLRAFFAYLVERVTALHAQDPSLPLRELVRLAEEEYRAERELAR,scaffolded8VDL,RFD,meaeidalaeaalaamaaatgvrdpealallralarelaeewlalaretsddpeafvrerlraFFaylvervtalhaqdpslplrelvrlaEeeyraerelar,103,hotspots_contig0009_hotspots_contig0009_0_model_1_fixed_dldesign_3,8VDL_hotspots,0.0704016512843165,0.755778738526043,1.1111111111111114,2.95085,2.9047789612593085,0.84,59,0.5268190022386612,18,False
MEEKIKEIAAENVKNVELGTRFFTKLAEKILELKAKDPNISFEEAANLAEKELAKELSEEEIKELEEAGVIYRDENGEVKMTEKGLAAAKKVVAILEEAKAKE,scaffolded8VDL,RFD,meekikeiaaenvknvelgtrFFtklaekilelkakdpnisfeeaanlaEkelakelseeeikeleeagviyrdengevkmtekglaaakkvvaileeakake,103,hotspots_contig0006_hotspots_contig0006_0_model_1_fixed_dldesign_5,8VDL_hotspots,0.086365956295462,0.5420697324987706,1.1444444444444446,3.04101,2.9916014704496185,0.85,72,0.5266811245353922,19,False
VTLTPEEFQALVDFFTEIAKYAASRKDLSLEAFKEAEEELKDSPVYKAAMKTLEKHGLDKELFLKLLQEKLKATGSPEKAAALSDEELRKISEEALKKGIALT,scaffolded8VDL,RFD,vtltpeefqalvdFFteiakyaasrkdlsleafkeaEeelkdspvykaamktlekhgldkelflkllqeklkatgspekaaalsdeelrkiseealkkgialt,103,hotspots_contig0000_hotspots_contig0000_0_model_7_fixed_dldesign_0,8VDL_hotspots,0.0681727881905767,0.4267853231149025,1.188888888888889,3.2658600000000004,3.2228862286737674,0.84,68,0.5265835368057381,20,False
ESVHARAARAFLAATDPRERWRAFFEGLAAALREEHGLSEEEAEKFLEAGLRLGEAAIAAGRDPADPAVRREVVERAAREAGVPVELARAAEAAFAAALAAAA,scaffolded8VDL,RFD,esvharaaraflaatdprerwraFFeglaaalreehglseeeaekfleaglrlgeaaiaagrdpadpavrrevveraareagvpvelaraaEaafaaalaaaa,103,hotspots_contig0003_hotspots_contig0003_0_model_1_fixed_dldesign_2,8VDL_hotspots,0.1473039788706669,0.5940673009354688,1.0444444444444445,2.2899,2.2565086247525685,0.89,64,0.5264435252539453,21,False
VDYEKLAELLNVSVEKAKEIADLFFAAAEAIARGDEATALANVKKLAALGVTPEQVRKVGEAYREELRARVAAVLPPGATPEEVEAATRAAEEWIVEQMKKLN,scaffolded8VDL,RFD,vdyeklaellnvsvekakeiadlFFaaaeaiargdeatalanvkklaalgvtpeqvrkvgeayreelrarvaavlppgatpeeveaatraaEewiveqmkkln,103,hotspots_contig0003_hotspots_contig0003_0_model_3_fixed_dldesign_5,8VDL_hotspots,0.0798507527874387,0.5723046767024225,1.166666666666667,2.67523,2.6351211235743235,0.86,50,0.5263949790555904,22,False
SKEELVKKVAKELLKEAKAEDVIKAIEELKEKLKPYEEITIAELKEIIKEILGKVLSEKGVEAFFDAIMKLMGVEEIDPEKVIKTSDVLAAEEAILKAIKELA,scaffolded8VDL,RFD,skeelvkkvakellkeakaedvikaieelkeklkpyeeitiaelkeiikeilgkvlsekgveaFFdaimklmgveeidpekviktsdvlaaEeailkaikela,103,hotspots_contig0009_hotspots_contig0009_0_model_0_fixed_dldesign_7,8VDL_hotspots,0.0496165655082813,0.6286932086598829,1.2000000000000002,2.75084,2.7092657177867845,0.86,67,0.5263471257361615,23,False
PLSPEQVAALRRDFFLAVAAYLETHEGTLAEAVAAAEAALRPPLVARAAAALGLSPEEVAAVLPDAAALLAAIQAATGLAPDTPVTAEVAARVRAAAEAGRLR,scaffolded8VDL,RFD,plspeqvaalrrdFFlavaaylethegtlaeavaaaEaalrpplvaraaaalglspeevaavlpdaaallaaiqaatglapdtpvtaevaarvraaaeagrlr,103,hotspots_contig0000_hotspots_contig0000_0_model_1_fixed_dldesign_7,8VDL_hotspots,0.1146448140142172,0.4995963674591505,1.1333333333333335,2.82494,2.7814120086718823,0.83,63,0.5262206686160976,24,False
MSIEEAIAELAAKSDPEKRAAVLALLEELTGDAEVATLNFFTRLLALARGEDVPLLLDRETAEALLKRLATPEALAALTPEQIAAAEDQLLAELTALVAARKA,scaffolded8VDL,RFD,msieeaiaelaaksdpekraavlalleeltgdaevatlnFFtrllalargedvpllldretaeallkrlatpealaaltpeqiaaaEdqllaeltalvaarka,103,hotspots_contig0007_hotspots_contig0007_0_model_4_fixed_dldesign_6,8VDL_hotspots,0.0556127617199188,0.5868628633925406,1.2111111111111112,3.0838400000000004,3.0376567065698934,0.82,50,0.5261521750644224,25,False
MKKLEELSEETKTFFYIILTYIIEKKGIDKNAKPAENPEIEKAYKEAEKLFEKYKEKLGIKTPTEEEKKEAWELIKDLPLGEALELVKTPESEKYAEKFLALI,scaffolded8VDL,RFD,mkkleelseetktFFyiiltyiiekkgidknakpaenpeiekaykeaEklfekykeklgiktpteeekkeawelikdlplgealelvktpesekyaekflali,103,hotspots_contig0008_hotspots_contig0008_0_model_3_fixed_dldesign_6,8VDL_hotspots,0.1436160145511862,0.5635209104352349,1.077777777777778,3.25375,3.200179093222735,0.85,61,0.5261265025371817,26,False
MKLTPEEAEVLKTFFERLLELATPRVEALVAAGVDPVEAQLRAVEEAEEELLPEMEKLAEEKGVEKFEEALEEFLAELRELLRAGASLEEAIAAVLKRIEERE,scaffolded8VDL,RFD,mkltpeeaevlktFFerllelatprvealvaagvdpveaqlraveeaEeellpemeklaeekgvekfeealeeflaelrellragasleeaiaavlkrieere,103,hotspots_contig0008_hotspots_contig0008_0_model_1_fixed_dldesign_1,8VDL_hotspots,0.1439645397015984,0.5676614342186114,1.077777777777778,2.59778,2.5583561127344705,0.87,70,0.5261052550982926,27,False
VTTFTLTQTFLMPVPATPENVEAFFARLLARVKIPANVTIKSIEATAEAETLEIPGLGKVPASRITATITYESTGDAAADAATLRAEMAAAEAAIRAELLAAL,scaffolded8VDL,RFD,vttftltqtflmpvpatpenveaFFarllarvkipanvtiksieataeaetleipglgkvpasritatityestgdaaadaatlraemaaaEaairaellaal,103,hotspots_contig0003_hotspots_contig0003_0_model_0_fixed_dldesign_7,8VDL_hotspots,0.046274728793054,0.8355241900909185,1.1666666666666667,3.62926,3.5724007917805634,0.78,65,0.5259312478957139,28,False
ALTPEQIAALRKEFFLAVADYFKTFKGTLAEAVAAAEKAIRPPLVAEKAKELGLSEATIEAALPNADELLAAIKAATGLADDTPVDAAVAAKIKAAAEAGKIK,scaffolded8VDL,RFD,altpeqiaalrkeFFlavadyfktfkgtlaeavaaaEkairpplvaekakelglseatieaalpnadellaaikaatgladdtpvdaavaakikaaaeagkik,103,hotspots_contig0000_hotspots_contig0000_0_model_1_fixed_dldesign_2,8VDL_hotspots,0.0946154601621027,0.5803730717290653,1.177777777777778,3.1276200000000003,3.079338297671788,0.81,60,0.5258220020024267,29,False
