sequence,category,model,designedSequence,designedSequenceLength,design_ID,target,epitope_rmsd,overall_rmsd,epitope_pae,af3_clashes
MIPTDEEIKKASELVAKALAEGKGDSFFFQVIYKFNEGEAKWNELKELVEKAKKNGEDLKPVIKEVAEKIYKAWLELKEKSEEMQEELAKSIKEIFEIAEKLK,scaffolded8VDL,RFD,miptdeeikkaselvakalaegkgDSFFFQVIYKFNEGEAKWNELKelvekakkngedlkpvikevaekiykawlelkekseemqeelaksikeifeiaeklk,103,epitope_contig0006_epitope_contig0006_0_model_4_fixed_dldesign_7,8VDL_epitope,0.9676791631398675,0.7775150042002241,5.00392561983471,2
MEEEIEKKRKENKTLEKTLTKVEDLDSFFFQVIYKFNEGEAKWNELKAVMASDPNAKVKIKIEFKDGKPVKVEITATSSTAELKFTGKYDKEYKGTMEKTVKP,scaffolded8VDL,RFD,meeeiekkrkenktlektltkvedlDSFFFQVIYKFNEGEAKWNELKavmasdpnakvkikiefkdgkpvkveitatsstaelkftgkydkeykgtmektvkp,103,epitope_contig0005_epitope_contig0005_0_model_5_fixed_dldesign_6,8VDL_epitope,1.1076748316341063,1.591614702032962,3.912396694214876,2
IKKEIEEKKKNNKTLEETLTKVEDLDSFFFQVIYKFNEGEAKWNELKKVMASSPNAKVKIKIKYKNGIPVEVEIVAESDKATLKLKGKYDKEYKSEMELEIKP,scaffolded8VDL,RFD,ikkeieekkknnktleetltkvedlDSFFFQVIYKFNEGEAKWNELKkvmasspnakvkikikykngipveveivaesdkatlklkgkydkeyksemeleikp,103,epitope_contig0005_epitope_contig0005_0_model_5_fixed_dldesign_1,8VDL_epitope,1.163543187495074,1.523531303885897,4.040702479338844,2
MLSPEQQKLKKKVEEYLDSFFFQVIYKFNEGEAKWNELKEKINEKLPNLTEENAMEAVNELIKETLTEKVEEYKKLLADPNAKLSKEEKEEIEEARKIAEEII,scaffolded8VDL,RFD,mlspeqqklkkkveeylDSFFFQVIYKFNEGEAKWNELKekineklpnlteenameavneliketltekveeykklladpnaklskeekeeieearkiaeeii,103,epitope_contig0001_epitope_contig0001_0_model_3_fixed_dldesign_2,8VDL_epitope,1.2534789236368917,1.136622514515425,5.0064049586776855,1
MGLKVTFNIDVDKFSEKIDSFFFQVIYKFNEGEAKWNELKEQIDKLKAQGVKKAKVTMTGQTEDFELAEENLKKAAETMEGAISDLKVEKSDSTEISVEVTPL,scaffolded8VDL,RFD,mglkvtfnidvdkfsekiDSFFFQVIYKFNEGEAKWNELKeqidklkaqgvkkakvtmtgqtedfelaeenlkkaaetmegaisdlkveksdsteisvevtpl,103,epitope_contig0007_epitope_contig0007_0_model_3_fixed_dldesign_0,8VDL_epitope,1.3436062029580442,1.1718426955322485,4.526446280991736,1
MGVKVTFEVDVDLFMEKIDSFFFQVIYKFNEGEAKWNELKKQMEALKAQGVKKAEVTMYGQVEDFELFKKNLEKAAKTMNGAISNLKVEPSESTEISVKVTPK,scaffolded8VDL,RFD,mgvkvtfevdvdlfmekiDSFFFQVIYKFNEGEAKWNELKkqmealkaqgvkkaevtmygqvedfelfkknlekaaktmngaisnlkvepsesteisvkvtpk,103,epitope_contig0007_epitope_contig0007_0_model_3_fixed_dldesign_5,8VDL_epitope,1.3622861020477623,1.0176354496292126,4.616735537190083,1
MEEEIKKKRKENKTLEETITKVEDLDSFFFQVIYKFNEGEAKWNELKKVMSSDKNAEVKITIKYKDGKPVEVEIEAKSDKAVLKLEGKYDKEYKSKMELEKKK,scaffolded8VDL,RFD,meeeikkkrkenktleetitkvedlDSFFFQVIYKFNEGEAKWNELKkvmssdknaevkitikykdgkpveveieaksdkavlklegkydkeykskmelekkk,103,epitope_contig0005_epitope_contig0005_0_model_5_fixed_dldesign_7,8VDL_epitope,1.204312633049289,1.2692156329945972,4.724793388429752,2
MGVTVTFNVDVDKFKEKIDSFFFQVIYKFNEGEAKWNELKEQIDKLAAKGVKKAKVTMKGLVEDFEEFKENLYKAAEIMDGAITDLKVEKSESTEISVEVTPL,scaffolded8VDL,RFD,mgvtvtfnvdvdkfkekiDSFFFQVIYKFNEGEAKWNELKeqidklaakgvkkakvtmkglvedfeefkenlykaaeimdgaitdlkveksesteisvevtpl,103,epitope_contig0007_epitope_contig0007_0_model_3_fixed_dldesign_6,8VDL_epitope,1.29906594046211,0.9169634129746224,4.468801652892562,4
MKEELEEARKNNETFKKTITKVEELDSFFFQVIYKFNEGEAKWNELKAVMASSPNAKTEITIEYENGKPVKVEVTATSDTATLKLTGEYKEEYKSTLEKEVKP,scaffolded8VDL,RFD,mkeeleearknnetfkktitkveelDSFFFQVIYKFNEGEAKWNELKavmasspnakteitieyengkpvkvevtatsdtatlkltgeykeeykstlekevkp,103,epitope_contig0005_epitope_contig0005_0_model_5_fixed_dldesign_0,8VDL_epitope,1.3930085869495479,1.366475478454738,4.566735537190083,1
MGVKVTFDIDVDLFSEKIDSFFFQVIYKFNEGEAKWNELKKKIAELKAKGVKKAKVTIYGQTEDFEEFKKNLEEAAKTMNGAISNLKVEKSDSKEISVEVTPL,scaffolded8VDL,RFD,mgvkvtfdidvdlfsekiDSFFFQVIYKFNEGEAKWNELKkkiaelkakgvkkakvtiygqtedfeefkknleeaaktmngaisnlkveksdskeisvevtpl,103,epitope_contig0007_epitope_contig0007_0_model_3_fixed_dldesign_1,8VDL_epitope,1.3577068305448285,1.030354937027526,5.32995867768595,1
AEAAGQARLAEIRALAADPSTPPAERAFFEGLAAVASAIPGSAEVRIAAAEALLAEQAAAVAAASPRPLSPEELARAARDAALALLATPEGQARLAALAKELA,scaffolded8VDL,RFD,aeaagqarlaeiralaadpstppaeraFFeglaavasaipgsaevriaaaEallaeqaaavaaasprplspeelaraardaalallatpegqarlaalakela,103,hotspots_contig0002_hotspots_contig0002_0_model_5_fixed_dldesign_0,8VDL_hotspots,0.10696613992986975,0.6532507891886342,1.0444444444444447,39
DLLAELTALFLADDAEGLAATFFAKREELMAPYRAPIAELRAAAAAAAAASPDPEAVRAAADAEVAALEAAARAAAEAELLPIVEAAKARAEAIRAAAAAAAA,scaffolded8VDL,RFD,dllaeltalfladdaeglaatFFakreelmapyrapiaelraaaaaaaaaspdpeavraaadaevaaleaaaraaaEaellpiveaakaraeairaaaaaaaa,103,hotspots_contig0004_hotspots_contig0004_0_model_7_fixed_dldesign_3,8VDL_hotspots,0.09026300257893549,0.8475724946700989,1.188888888888889,26
MSIEEMIARLEAMSDPAARARNLALLTELTGDEETARLNFFARLIALARGEEVPLLLPREEAKALLEELATPETLAALTPEQIAAAEARLLAELTALLAEREK,scaffolded8VDL,RFD,msieemiarleamsdpaararnlallteltgdeetarlnFFarlialargeevplllpreeakalleelatpetlaaltpeqiaaaEarllaeltallaerek,103,hotspots_contig0007_hotspots_contig0007_0_model_4_fixed_dldesign_2,8VDL_hotspots,0.049139245010384185,0.6119314854670049,1.088888888888889,52
MSIEEAIAELAAKSDPEKRAAVLALLEELTGDAEVATLNFFTRLLALARGEDVPLLLDRETAEALLKRLATPEALAALTPEQIAAAEDQLLAELTALVAARKA,scaffolded8VDL,RFD,msieeaiaelaaksdpekraavlalleeltgdaevatlnFFtrllalargedvpllldretaeallkrlatpealaaltpeqiaaaEdqllaeltalvaarka,103,hotspots_contig0007_hotspots_contig0007_0_model_4_fixed_dldesign_6,8VDL_hotspots,0.05561276171991884,0.5868628633925406,1.2111111111111112,50
VDYEKLAELLNVSVEKAKEIADLFFAAAEAIARGDEATALANVKKLAALGVTPEQVRKVGEAYREELRARVAAVLPPGATPEEVEAATRAAEEWIVEQMKKLN,scaffolded8VDL,RFD,vdyeklaellnvsvekakeiadlFFaaaeaiargdeatalanvkklaalgvtpeqvrkvgeayreelrarvaavlppgatpeeveaatraaEewiveqmkkln,103,hotspots_contig0003_hotspots_contig0003_0_model_3_fixed_dldesign_5,8VDL_hotspots,0.07985075278743878,0.5723046767024225,1.166666666666667,50
MEALKKELEKKKEELKKLEEEFFKKKEELVKETSEQLINNTAPETNPLKEEAAKLKTKEEREKFVKENLEKIKKYAEEKLKELKEKVEKLKKEVEELEKKLKA,scaffolded8VDL,RFD,mealkkelekkkeelkkleeeFFkkkeelvketseqlinntapetnplkeeaaklktkeerekfvkenlekikkyaEeklkelkekveklkkeveelekklka,103,hotspots_contig0004_hotspots_contig0004_0_model_4_fixed_dldesign_6,8VDL_hotspots,0.01491573589315755,0.6519782905861637,1.7777777777777777,39
VDYEALAKALGVSLELAKKIADLFFAALEALAQGKEEEAEAKVKELAALGVTPEQVRKIGELYWDEAKERVAAVLPEGTTEEEVEEKTREAERWIVERMEELN,scaffolded8VDL,RFD,vdyealakalgvslelakkiadlFFaalealaqgkeeeaeakvkelaalgvtpeqvrkigelywdeakervaavlpegtteeeveektreaErwivermeeln,103,hotspots_contig0003_hotspots_contig0003_0_model_3_fixed_dldesign_6,8VDL_hotspots,0.05380257945998692,0.5822386578977785,1.3111111111111111,50
VDYEALAKLLNVSLEKAKQIADLFFAALEALARGDAAEADAEVEKLAALGVTPEQVAKIGEAYRAEAIARVAAVLPAGTTPAEVEAATAAAEADIVARMAAKN,scaffolded8VDL,RFD,vdyealakllnvslekakqiadlFFaalealargdaaeadaeveklaalgvtpeqvakigeayraeaiarvaavlpagttpaeveaataaaEadivarmaakn,103,hotspots_contig0003_hotspots_contig0003_0_model_3_fixed_dldesign_7,8VDL_hotspots,0.0252985930683789,0.5068318998796975,1.5888888888888888,50
MMDPNSPEVIAKVEEIMKKQEKEVEEEIKKHKKEKEELEKKLKEEGVPEEEIEKKKEEMEKELFFKLKKKLIEAVKKELPEVPLEFLEKQAEKFLKKVEEKLK,scaffolded8VDL,RFD,mmdpnspeviakveeimkkqekeveeeikkhkkekeelekklkeegvpeeeiekkkeemekelFFklkkklieavkkelpevpleflekqaEkflkkveeklk,103,hotspots_contig0009_hotspots_contig0009_0_model_7_fixed_dldesign_6,8VDL_hotspots,0.2183048265439152,0.3978904052427672,1.188888888888889,22
AEASVVLDGERRTFAATPEGAEAFRAAFFETLARLAEKYEGSPEERLARAEAEIRAAVAATGTGSPEALAWLRAQLDAAAEEARERVRRALEEEERRERELAR,scaffolded8VDL,RFD,aeasvvldgerrtfaatpegaeafraaFFetlarlaekyegspeerlaraEaeiraavaatgtgspealawlraqldaaaeearervrraleeeerrerelar,103,hotspots_contig0002_hotspots_contig0002_0_model_1_fixed_dldesign_0,8VDL_hotspots,0.048822518509907466,0.9567745248764538,1.0111111111111113,49
